id,original_question,evolved_question,evolution_type,contexts,answer
7631c3f2-ea6c-4724-8bac-f11901bd930f,1. What are the key components related to Title IV student financial aid programs discussed in Volume 3 of the Federal Student Aid Handbook?,"1. What are the key components related to Title IV student financial aid programs discussed in Volume 3 of the Federal Student Aid Handbook, and how do these components vary across different types of institutions?  
2. How are the Title IV student financial aid program components outlined in Volume 3 of the Federal Student Aid Handbook applied in both public and private educational institutions?  
3. In the context of Volume 3 of the Federal Student Aid Handbook, what are the essential elements of Title IV student financial aid programs, and how do they impact student eligibility and institutional compliance?",multi-context,"Volume 3
Academic Calendars, Cost of Attendance, and
Packaging
Introduction
This volume of the Federal Student Aid (FSA) Handbook discusses the academic calendar, payment period, and
disbursement requirements for awarding aid under the Title IV student financial aid programs, determining a student9s
cost of attendance, and packaging Title IV aid.
Throughout this volume of the Handbook, the words ""we,"" ""our,"" and ""us"" refer to the United States Department of

Changes for 2025-2026
There are no major changes in Volume 3 for 2025-2026. However, we have made minor additions and clarifications to
existing guidance in a few areas, as noted below.
Chapter 1
In Appendix B, we have added guidance on determining enrollment intensity for Pell Grant recipients who are enrolled in
subscription-based programs.
Chapter 2
We have revised the discussion of <Allowable Costs= to clarify that for Pell Grant recipients with an enrollment

Education (the Department). The word ""you"" refers to the primary audience of the Handbook, school financial aid
administrators. In other volumes of the Handbook we use ""institution,"" ""school,"" and ""college"" interchangeably, unless a
more specific meaning is provided. In this volume we consistently use the term ""school."" <HEA= refers to the Higher
Education Act of 1965, as amended. Title IV refers to the student financial aid programs authorized under Title IV of the
HEA.

HEA.
We appreciate any comments that you have on this volume as well as the other volumes of the FSA Handbook. We revise
the text based on questions and feedback from the financial aid community, so please reach out to us about how to
improve the Handbook through the <Contact Customer Support= feature in our Partner Connect9s Help Center clicking on
<FSA Handbook= under the Topic section.
Changes for 2025-2026

Chapter 1
Academic Years, Academic Calendars, Payment Periods, and
Disbursements
Academic Year Requirements
Every eligible program must have a defined academic year. A school may have different academic years for different
academic programs. For example, a school may choose to define the academic year for a term-based program differently
from a non-term program. In some cases, the academic year definition must be different for different programs, such as

in the case of a clock-hour program and a credit-hour program. For Title IV purposes, the academic year is defined in
weeks of instructional time and credit or clock hours. The program9s academic year does not have to coincide with the
school9s academic calendar (see <Academic year definition and effect on awards= later in the chapter).
A school may treat two versions of the same academic program (day and night, for example) as separate programs and

academic years for different programs, it must use the same academic year definition for all Title IV awards for students
enrolled in a particular program, and for all other Title IV program purposes.
Weeks of Instructional Time in an Academic Year
For both undergraduate and graduate programs, the law and regulations require an academic year to include a minimum
number of weeks of instructional time.

Under <Periods of Non-Attendance,= we have added language to clarify that a period of non-attendance is a period
during which the student is not enrolled and is not otherwise engaged in any activity that is a requirement of the
student9s program of study.
Chapter 3
Under <Packaging Aid for Certain Dependents of Deceased Servicemembers or Public Safety Officers (Pell Grant Special

intensity below 50%, the cost of attendance (COA) is still based on the full-year costs for a full-time student. In this
same section, we have also removed text noting that the FAFSA Simplification Act made certain changes to COA
components. These changes are no longer new and were previously incorporated into the 2023-2024 FSA Handbook.
Under <Tuition and Fees,= we have added health insurance premiums that are charged to all students as an

define different academic years for each version. If a school establishes separate versions of a program, with different
academic years, but allows individual students to take courses from both versions, it must be able to demonstrate which
program the student is actually enrolled in. Generally, to be considered enrolled in a particular program or version of a
program, a student must be taking most of their coursework in that program. Although a school may have different","Certainly! Below is a comprehensive answer addressing each part of your question based on Volume 3 of the Federal Student Aid Handbook, titled *Academic Calendars, Cost of Attendance, and Packaging*, which covers key components of Title IV student financial aid programs.

---

### 1. Key Components Related to Title IV Student Financial Aid Programs in Volume 3 and Variation Across Institution Types

**Key Components:**

- **Academic Calendar and Payment Period Definitions:** Volume 3 details how schools must define their academic calendars (semester, trimester, quarter, non-term, clock hour, or non-standard term calendars) and establish payment periods accordingly. These definitions are critical as they determine when and how much Title IV aid can be disbursed.

- **Disbursement Requirements and Timing:** The volume outlines requirements for the timing of aid disbursements, ensuring funds are distributed to students at appropriate intervals during enrollment periods.

- **Cost of Attendance (COA):** Guidance is provided on determining a student’s COA, which includes tuition, fees, room and board, books and supplies, transportation, and personal expenses. COA calculation affects the amount of aid a student is eligible to receive.

- **Packaging of Aid:** Volume 3 discusses methodologies for packaging Title IV aid, which involves determining the types and amounts of federal aid a student may receive based on COA and Expected Family Contribution (EFC).

- **Enrollment Intensity:** Updated guidance (Appendix B) addresses how to determine enrollment intensity, particularly for Pell Grant recipients enrolled in subscription-based programs, which can vary from traditional credit-hour programs.

**Variation Across Institution Types:**

- **Public vs. Private Institutions:** While the core principles for academic calendars, COA, and aid packaging apply universally, variations arise due to differing academic calendars, cost structures, and program delivery methods. For example, public institutions may have different tuition rates and fees compared to private institutions, affecting COA calculations.

- **Subscription-Based and Non-Traditional Programs:** Institutions offering subscription-based or non-term programs have specific guidance on enrollment intensity and payment periods, which differ from traditional term-based schools. This affects how these schools package and disburse aid.

- **Clock-Hour vs. Credit-Hour Institutions:** Institutions using clock-hour calendars must follow distinct rules for defining payment periods and disbursement schedules compared to those using credit-hour systems.

---

### 2. Application of Title IV Program Components in Public and Private Educational Institutions

- **Uniform Application of Federal Guidelines:** Both public and private institutions must adhere to the federal standards outlined in Volume 3 for establishing academic calendars, defining payment periods, calculating COA, and packaging Title IV aid.

- **Customization Based on Institutional Characteristics:** Each institution applies these components in a manner consistent with their specific academic structure and student population. For instance:

  - A public university operating on a semester system applies the volume’s guidelines by defining payment periods by semesters and disbursing aid accordingly.
  
  - A private institution offering non-term, subscription-based programs uses the updated guidance in Appendix B to determine enrollment intensity for Pell Grant recipients, ensuring compliance with disbursement rules.

- **Institutional Cost Structures Impact COA:** Both types of institutions must calculate COA accurately, reflecting the actual costs students incur. Differences in tuition, fees, and living expenses between public and private institutions will impact the COA and thereby influence aid eligibility and packaging.

---

### 3. Essential Elements of Title IV Student Financial Aid Programs and Their Impact on Student Eligibility and Institutional Compliance

**Essential Elements:**

- **Accurate Academic Calendar and Payment Period Definitions:** These are foundational for determining when aid can be disbursed and ensuring compliance with federal regulations.

- **Proper Cost of Attendance Determination:** Accurate COA calculation ensures students receive aid amounts reflective of their educational expenses, directly affecting eligibility and award amounts.

- **Aid Packaging Strategies:** Institutions must package aid based on COA and EFC, balancing multiple Title IV programs and ensuring students do not receive aid in excess of their need or COA.

- **Enrollment Intensity Determination:** Enrollment status (full-time, three-quarter time, half-time) affects Pell Grant awards and other aid amounts. Accurate assessment is critical for eligibility.

- **Adherence to Disbursement Timing and Frequency:** Schools must disburse aid in compliance with payment periods and enrollment status to maintain program integrity.

**Impact on Student Eligibility:**

- Students’ eligibility for Title IV aid depends on appropriately defined payment periods, accurate COA, and enrollment intensity assessments. Errors in these areas can lead to over- or under-awarding aid.

**Impact on Institutional Compliance:**

- Institutions must carefully apply these components to avoid audit findings, repayments, or sanctions. Compliance with Volume 3 guidelines ensures institutions meet HEA requirements and maintain eligibility to participate in Title IV programs.

---

### Summary

Volume 3 of the Federal Student Aid Handbook provides detailed guidance on defining academic calendars and payment periods, calculating cost of attendance, packaging aid, and disbursing Title IV funds. These components are applied across all institution types—public, private, term-based, non-term, clock-hour, and subscription-based—with necessary adjustments for institutional differences. Proper implementation directly affects student eligibility for aid and institutional compliance with federal regulations, making this volume essential for financial aid administrators.

---

If you require further elaboration on any specific section or examples from Volume 3, feel free to ask!"
f7ef29f3-2bf8-4b86-a243-4b8405c354ac,"2. How does the Handbook define the terms ""we,"" ""you,"" and ""school"" within the context of Volume 3?","2. How are the terms ""we,"" ""you,"" and ""school"" defined differently across various sections of Volume 3 in the Handbook?",multi-context,"Education (the Department). The word ""you"" refers to the primary audience of the Handbook, school financial aid
administrators. In other volumes of the Handbook we use ""institution,"" ""school,"" and ""college"" interchangeably, unless a
more specific meaning is provided. In this volume we consistently use the term ""school."" <HEA= refers to the Higher
Education Act of 1965, as amended. Title IV refers to the student financial aid programs authorized under Title IV of the
HEA.

Volume 3
Academic Calendars, Cost of Attendance, and
Packaging
Introduction
This volume of the Federal Student Aid (FSA) Handbook discusses the academic calendar, payment period, and
disbursement requirements for awarding aid under the Title IV student financial aid programs, determining a student9s
cost of attendance, and packaging Title IV aid.
Throughout this volume of the Handbook, the words ""we,"" ""our,"" and ""us"" refer to the United States Department of

HEA.
We appreciate any comments that you have on this volume as well as the other volumes of the FSA Handbook. We revise
the text based on questions and feedback from the financial aid community, so please reach out to us about how to
improve the Handbook through the <Contact Customer Support= feature in our Partner Connect9s Help Center clicking on
<FSA Handbook= under the Topic section.
Changes for 2025-2026

Chapter 1
Academic Years, Academic Calendars, Payment Periods, and
Disbursements
Academic Year Requirements
Every eligible program must have a defined academic year. A school may have different academic years for different
academic programs. For example, a school may choose to define the academic year for a term-based program differently
from a non-term program. In some cases, the academic year definition must be different for different programs, such as

Changes for 2025-2026
There are no major changes in Volume 3 for 2025-2026. However, we have made minor additions and clarifications to
existing guidance in a few areas, as noted below.
Chapter 1
In Appendix B, we have added guidance on determining enrollment intensity for Pell Grant recipients who are enrolled in
subscription-based programs.
Chapter 2
We have revised the discussion of <Allowable Costs= to clarify that for Pell Grant recipients with an enrollment

define different academic years for each version. If a school establishes separate versions of a program, with different
academic years, but allows individual students to take courses from both versions, it must be able to demonstrate which
program the student is actually enrolled in. Generally, to be considered enrolled in a particular program or version of a
program, a student must be taking most of their coursework in that program. Although a school may have different

Under <Periods of Non-Attendance,= we have added language to clarify that a period of non-attendance is a period
during which the student is not enrolled and is not otherwise engaged in any activity that is a requirement of the
student9s program of study.
Chapter 3
Under <Packaging Aid for Certain Dependents of Deceased Servicemembers or Public Safety Officers (Pell Grant Special

in the case of a clock-hour program and a credit-hour program. For Title IV purposes, the academic year is defined in
weeks of instructional time and credit or clock hours. The program9s academic year does not have to coincide with the
school9s academic calendar (see <Academic year definition and effect on awards= later in the chapter).
A school may treat two versions of the same academic program (day and night, for example) as separate programs and

academic years for different programs, it must use the same academic year definition for all Title IV awards for students
enrolled in a particular program, and for all other Title IV program purposes.
Weeks of Instructional Time in an Academic Year
For both undergraduate and graduate programs, the law and regulations require an academic year to include a minimum
number of weeks of instructional time.

number of weeks of instructional time.
For a program offered in credit hours, the academic year must include at least 30 weeks of instructional time.
For a program offered in clock hours, the academic year must include at least 26 weeks of instructional time.
Note: See Volume 2, Chapter 2 for information about academic year requirements for direct assessment programs, which
do not measure academic progress using credit or clock hours.","In Volume 3 of the Federal Student Aid (FSA) Handbook, the terms ""we,"" ""you,"" and ""school"" are defined with specific meanings that may differ from their usage in other volumes:

- **""We,"" ""our,"" and ""us""**: These terms consistently refer to the United States Department of Education throughout Volume 3. This usage emphasizes that the Handbook’s guidance and policies come from the Department itself.

- **""You""**: The term ""you"" is used to address the primary audience of the Handbook—school financial aid administrators. This directs the content and instructions specifically to those responsible for administering Title IV student aid at educational institutions.

- **""School""**: While other volumes of the Handbook often use the terms ""institution,"" ""school,"" and ""college"" interchangeably, Volume 3 consistently uses the term ""school."" This consistency helps clarify references to the entities involved in administering financial aid without switching terminology.

In summary, Volume 3 standardizes these terms as follows: ""we"" refers to the Department of Education, ""you"" refers to financial aid administrators, and ""school"" is the preferred term for the educational institution, unlike other volumes where multiple terms might be used interchangeably."
f5cbe815-9cae-48bc-8373-b47702ce8586,3. What is the significance of the academic calendar and payment period in determining a student's cost of attendance and packaging Title IV aid according to this volume?,3. How do the academic calendar and payment period affect a student's cost of attendance and the packaging of Title IV aid according to this volume?,simple,"Volume 3
Academic Calendars, Cost of Attendance, and
Packaging
Introduction
This volume of the Federal Student Aid (FSA) Handbook discusses the academic calendar, payment period, and
disbursement requirements for awarding aid under the Title IV student financial aid programs, determining a student9s
cost of attendance, and packaging Title IV aid.
Throughout this volume of the Handbook, the words ""we,"" ""our,"" and ""us"" refer to the United States Department of

Chapter 1
Academic Years, Academic Calendars, Payment Periods, and
Disbursements
Academic Year Requirements
Every eligible program must have a defined academic year. A school may have different academic years for different
academic programs. For example, a school may choose to define the academic year for a term-based program differently
from a non-term program. In some cases, the academic year definition must be different for different programs, such as

in the case of a clock-hour program and a credit-hour program. For Title IV purposes, the academic year is defined in
weeks of instructional time and credit or clock hours. The program9s academic year does not have to coincide with the
school9s academic calendar (see <Academic year definition and effect on awards= later in the chapter).
A school may treat two versions of the same academic program (day and night, for example) as separate programs and

Changes for 2025-2026
There are no major changes in Volume 3 for 2025-2026. However, we have made minor additions and clarifications to
existing guidance in a few areas, as noted below.
Chapter 1
In Appendix B, we have added guidance on determining enrollment intensity for Pell Grant recipients who are enrolled in
subscription-based programs.
Chapter 2
We have revised the discussion of <Allowable Costs= to clarify that for Pell Grant recipients with an enrollment

intensity below 50%, the cost of attendance (COA) is still based on the full-year costs for a full-time student. In this
same section, we have also removed text noting that the FAFSA Simplification Act made certain changes to COA
components. These changes are no longer new and were previously incorporated into the 2023-2024 FSA Handbook.
Under <Tuition and Fees,= we have added health insurance premiums that are charged to all students as an

academic years for different programs, it must use the same academic year definition for all Title IV awards for students
enrolled in a particular program, and for all other Title IV program purposes.
Weeks of Instructional Time in an Academic Year
For both undergraduate and graduate programs, the law and regulations require an academic year to include a minimum
number of weeks of instructional time.

Under <Periods of Non-Attendance,= we have added language to clarify that a period of non-attendance is a period
during which the student is not enrolled and is not otherwise engaged in any activity that is a requirement of the
student9s program of study.
Chapter 3
Under <Packaging Aid for Certain Dependents of Deceased Servicemembers or Public Safety Officers (Pell Grant Special

number of weeks of instructional time.
For a program offered in credit hours, the academic year must include at least 30 weeks of instructional time.
For a program offered in clock hours, the academic year must include at least 26 weeks of instructional time.
Note: See Volume 2, Chapter 2 for information about academic year requirements for direct assessment programs, which
do not measure academic progress using credit or clock hours.

HEA.
We appreciate any comments that you have on this volume as well as the other volumes of the FSA Handbook. We revise
the text based on questions and feedback from the financial aid community, so please reach out to us about how to
improve the Handbook through the <Contact Customer Support= feature in our Partner Connect9s Help Center clicking on
<FSA Handbook= under the Topic section.
Changes for 2025-2026

define different academic years for each version. If a school establishes separate versions of a program, with different
academic years, but allows individual students to take courses from both versions, it must be able to demonstrate which
program the student is actually enrolled in. Generally, to be considered enrolled in a particular program or version of a
program, a student must be taking most of their coursework in that program. Although a school may have different","The academic calendar and payment period significantly influence both a student's cost of attendance (COA) and the packaging of Title IV aid, as outlined in Volume 3 of the FSA Handbook.

1. **Academic Calendar and Academic Year Definition**  
   - Every eligible program must have a clearly defined academic year, which is based on weeks of instructional time and credit or clock hours.  
   - Schools may define different academic years for different programs, especially when programs differ in structure (e.g., term-based vs. non-term, credit-hour vs. clock-hour).  
   - The academic year definition impacts the amount and timing of Title IV aid a student is eligible to receive because Title IV awards are often calculated based on the length and credit/clock hours of the academic year.  
   - The academic year does not necessarily have to coincide with the school’s overall academic calendar, allowing flexibility in how programs are structured and how aid is awarded.

2. **Payment Periods**  
   - Payment periods are specific segments within the academic calendar (such as semesters, quarters, or modules) when aid is disbursed.  
   - The length and timing of payment periods affect when Title IV funds are awarded and disbursed to students.  
   - For term-based programs, the payment period typically corresponds to a term or module; for non-term programs, it may be defined by credit or clock hours completed.  
   - The payment period structure ensures that aid disbursements align with the student’s enrollment and progression through the program.

3. **Effect on Cost of Attendance (COA)**  
   - The COA is influenced by the academic calendar because the length and structure of the academic year determine allowable costs such as tuition, fees, and living expenses.  
   - Different academic calendars can lead to differences in the annual COA calculation, which in turn affects the maximum amount of Title IV aid a student can receive.  
   - For example, a program with a longer academic year or more credit/clock hours may have a higher COA, enabling a student to receive more aid.

4. **Effect on Packaging of Title IV Aid**  
   - Packaging refers to the process of determining the types and amounts of Title IV aid a student will receive based on the COA and other eligibility factors.  
   - The academic calendar and payment period define the periods during which aid can be packaged and disbursed.  
   - A well-defined academic year and payment period help ensure that aid is awarded in compliance with federal regulations, preventing over-awards or under-awards.  
   - Schools must align their aid packaging with the academic calendar/payment period to accurately reflect enrollment status and progression, which affect aid eligibility.

**In summary:** The academic calendar and payment period establish the framework for defining the academic year and payment segments, which directly determine the student’s COA and the timing and amount of Title IV aid packaging and disbursement. Schools must carefully define these elements in accordance with federal regulations to ensure accurate aid awarding and compliance."
33583765-e972-44d9-bf6d-99afff738ba5,"1. What criteria must a school consider when defining the academic year for different types of academic programs, such as term-based versus non-term programs?","1. How do criteria for defining the academic year differ between term-based programs, non-term programs, and hybrid academic structures across various educational institutions?",multi-context,"Chapter 1
Academic Years, Academic Calendars, Payment Periods, and
Disbursements
Academic Year Requirements
Every eligible program must have a defined academic year. A school may have different academic years for different
academic programs. For example, a school may choose to define the academic year for a term-based program differently
from a non-term program. In some cases, the academic year definition must be different for different programs, such as

in the case of a clock-hour program and a credit-hour program. For Title IV purposes, the academic year is defined in
weeks of instructional time and credit or clock hours. The program9s academic year does not have to coincide with the
school9s academic calendar (see <Academic year definition and effect on awards= later in the chapter).
A school may treat two versions of the same academic program (day and night, for example) as separate programs and

define different academic years for each version. If a school establishes separate versions of a program, with different
academic years, but allows individual students to take courses from both versions, it must be able to demonstrate which
program the student is actually enrolled in. Generally, to be considered enrolled in a particular program or version of a
program, a student must be taking most of their coursework in that program. Although a school may have different

academic years for different programs, it must use the same academic year definition for all Title IV awards for students
enrolled in a particular program, and for all other Title IV program purposes.
Weeks of Instructional Time in an Academic Year
For both undergraduate and graduate programs, the law and regulations require an academic year to include a minimum
number of weeks of instructional time.

number of weeks of instructional time.
For a program offered in credit hours, the academic year must include at least 30 weeks of instructional time.
For a program offered in clock hours, the academic year must include at least 26 weeks of instructional time.
Note: See Volume 2, Chapter 2 for information about academic year requirements for direct assessment programs, which
do not measure academic progress using credit or clock hours.

The number of weeks of instructional time is based on the period that generally begins on the first day of classes in the
academic year and ends on the last day of classes or the last day of examinations, whichever is later.
Schools that provide 2- or 4-year associate or baccalaureate degree programs may apply to the Department if they want
to request approval to establish a full academic year of less than 30 weeks of instructional time. The Department is

At least one day of regularly scheduled instruction or examinations occurs, or, after the last scheduled day of classes
Regulatory Citations
Academic year minimums: 34 CFR 668.3(a)
Weeks of instructional time: 34 CFR 668.3(b)

Volume 3
Academic Calendars, Cost of Attendance, and
Packaging
Introduction
This volume of the Federal Student Aid (FSA) Handbook discusses the academic calendar, payment period, and
disbursement requirements for awarding aid under the Title IV student financial aid programs, determining a student9s
cost of attendance, and packaging Title IV aid.
Throughout this volume of the Handbook, the words ""we,"" ""our,"" and ""us"" refer to the United States Department of

Changes for 2025-2026
There are no major changes in Volume 3 for 2025-2026. However, we have made minor additions and clarifications to
existing guidance in a few areas, as noted below.
Chapter 1
In Appendix B, we have added guidance on determining enrollment intensity for Pell Grant recipients who are enrolled in
subscription-based programs.
Chapter 2
We have revised the discussion of <Allowable Costs= to clarify that for Pell Grant recipients with an enrollment

Education (the Department). The word ""you"" refers to the primary audience of the Handbook, school financial aid
administrators. In other volumes of the Handbook we use ""institution,"" ""school,"" and ""college"" interchangeably, unless a
more specific meaning is provided. In this volume we consistently use the term ""school."" <HEA= refers to the Higher
Education Act of 1965, as amended. Title IV refers to the student financial aid programs authorized under Title IV of the
HEA.","The criteria for defining the academic year vary depending on whether the program is term-based, non-term, or a hybrid structure, and these differences are recognized across various educational institutions:

1. **Term-Based Programs:**  
   - The academic year is typically defined by a set number of weeks of instructional time within established terms or semesters (e.g., semesters, quarters, trimesters).  
   - It is structured around fixed start and end dates for terms, with clear delineations between academic periods.  
   - The academic year measurement considers credit hours completed within these terms.

2. **Non-Term Programs:**  
   - These programs do not operate on fixed academic terms. Instead, the academic year is defined based on the actual weeks of instructional time and the accumulation of credit or clock hours regardless of term boundaries.  
   - The academic year is often calculated by aggregating instructional weeks and credit or clock hours over a continuous period of study.  
   - This approach allows flexibility in pacing, as students may start at various times and progress at different rates.

3. **Hybrid Academic Structures:**  
   - Hybrid programs combine aspects of term-based and non-term programs, requiring a tailored academic year definition that reflects their unique scheduling.  
   - Institutions may define separate academic years for different versions or tracks of the same program (e.g., day vs. night classes), potentially using different criteria for each.  
   - In such cases, to maintain compliance, schools must be able to demonstrate the specific program version in which a student is enrolled, ensuring that the majority of the student’s coursework aligns with that program’s academic year structure.

Overall, the academic year for Title IV purposes must be defined in terms of weeks of instructional time and credit or clock hours, but does not have to coincide exactly with the institution’s overall academic calendar. Schools have the flexibility to define distinct academic years for different programs or program versions based on their instructional format, ensuring that the academic year definition accurately reflects the program’s delivery and pacing."
406e0281-9d31-473f-986e-a74f9a9d4907,2. How does the definition of an academic year differ for clock-hour programs compared to credit-hour programs according to Title IV requirements?,2. How does the definition of an academic year differ for clock-hour programs compared to credit-hour programs according to Title IV requirements in postsecondary institutions and vocational training centers?,multi-context,"in the case of a clock-hour program and a credit-hour program. For Title IV purposes, the academic year is defined in
weeks of instructional time and credit or clock hours. The program9s academic year does not have to coincide with the
school9s academic calendar (see <Academic year definition and effect on awards= later in the chapter).
A school may treat two versions of the same academic program (day and night, for example) as separate programs and

number of weeks of instructional time.
For a program offered in credit hours, the academic year must include at least 30 weeks of instructional time.
For a program offered in clock hours, the academic year must include at least 26 weeks of instructional time.
Note: See Volume 2, Chapter 2 for information about academic year requirements for direct assessment programs, which
do not measure academic progress using credit or clock hours.

academic years for different programs, it must use the same academic year definition for all Title IV awards for students
enrolled in a particular program, and for all other Title IV program purposes.
Weeks of Instructional Time in an Academic Year
For both undergraduate and graduate programs, the law and regulations require an academic year to include a minimum
number of weeks of instructional time.

Chapter 1
Academic Years, Academic Calendars, Payment Periods, and
Disbursements
Academic Year Requirements
Every eligible program must have a defined academic year. A school may have different academic years for different
academic programs. For example, a school may choose to define the academic year for a term-based program differently
from a non-term program. In some cases, the academic year definition must be different for different programs, such as

define different academic years for each version. If a school establishes separate versions of a program, with different
academic years, but allows individual students to take courses from both versions, it must be able to demonstrate which
program the student is actually enrolled in. Generally, to be considered enrolled in a particular program or version of a
program, a student must be taking most of their coursework in that program. Although a school may have different

The number of weeks of instructional time is based on the period that generally begins on the first day of classes in the
academic year and ends on the last day of classes or the last day of examinations, whichever is later.
Schools that provide 2- or 4-year associate or baccalaureate degree programs may apply to the Department if they want
to request approval to establish a full academic year of less than 30 weeks of instructional time. The Department is

At least one day of regularly scheduled instruction or examinations occurs, or, after the last scheduled day of classes
Regulatory Citations
Academic year minimums: 34 CFR 668.3(a)
Weeks of instructional time: 34 CFR 668.3(b)

Volume 3
Academic Calendars, Cost of Attendance, and
Packaging
Introduction
This volume of the Federal Student Aid (FSA) Handbook discusses the academic calendar, payment period, and
disbursement requirements for awarding aid under the Title IV student financial aid programs, determining a student9s
cost of attendance, and packaging Title IV aid.
Throughout this volume of the Handbook, the words ""we,"" ""our,"" and ""us"" refer to the United States Department of

permitted to grant a reduction for good cause to no less than 26 weeks of instructional time. These requests are handled
on a case-by-case basis. To request approval, contact the School Participation Division that oversees your school. A listing
of contact information for the regional School Participation Divisions can be found in the Knowledge Center.
For all Title IV programs, a week of instructional time is any period of seven consecutive days in which 3

Changes for 2025-2026
There are no major changes in Volume 3 for 2025-2026. However, we have made minor additions and clarifications to
existing guidance in a few areas, as noted below.
Chapter 1
In Appendix B, we have added guidance on determining enrollment intensity for Pell Grant recipients who are enrolled in
subscription-based programs.
Chapter 2
We have revised the discussion of <Allowable Costs= to clarify that for Pell Grant recipients with an enrollment","According to Title IV requirements, the definition of an academic year differs for clock-hour programs compared to credit-hour programs primarily in the minimum number of weeks of instructional time required:

- **For credit-hour programs**, an academic year must include **at least 30 weeks of instructional time**.
- **For clock-hour programs**, an academic year must include **at least 26 weeks of instructional time**.

In both cases, the academic year is defined by weeks of instructional time combined with the number of credit or clock hours, and it does not necessarily have to align with the institution’s official academic calendar. Additionally, a school must use the same academic year definition consistently for all Title IV awards and program purposes for students enrolled in a particular program."
4e95b012-3fb0-4a73-b5a9-5fe8bdb02cbf,3. In what ways can a school treat multiple versions of the same academic program when establishing academic years and what implications does this have for Title IV disbursements?,"3. How can different types of educational institutions, such as community colleges and vocational schools, manage multiple versions of the same academic program when defining academic years, and what are the resulting effects on Title IV financial aid disbursements?",multi-context,"define different academic years for each version. If a school establishes separate versions of a program, with different
academic years, but allows individual students to take courses from both versions, it must be able to demonstrate which
program the student is actually enrolled in. Generally, to be considered enrolled in a particular program or version of a
program, a student must be taking most of their coursework in that program. Although a school may have different

in the case of a clock-hour program and a credit-hour program. For Title IV purposes, the academic year is defined in
weeks of instructional time and credit or clock hours. The program9s academic year does not have to coincide with the
school9s academic calendar (see <Academic year definition and effect on awards= later in the chapter).
A school may treat two versions of the same academic program (day and night, for example) as separate programs and

Chapter 1
Academic Years, Academic Calendars, Payment Periods, and
Disbursements
Academic Year Requirements
Every eligible program must have a defined academic year. A school may have different academic years for different
academic programs. For example, a school may choose to define the academic year for a term-based program differently
from a non-term program. In some cases, the academic year definition must be different for different programs, such as

academic years for different programs, it must use the same academic year definition for all Title IV awards for students
enrolled in a particular program, and for all other Title IV program purposes.
Weeks of Instructional Time in an Academic Year
For both undergraduate and graduate programs, the law and regulations require an academic year to include a minimum
number of weeks of instructional time.

Volume 3
Academic Calendars, Cost of Attendance, and
Packaging
Introduction
This volume of the Federal Student Aid (FSA) Handbook discusses the academic calendar, payment period, and
disbursement requirements for awarding aid under the Title IV student financial aid programs, determining a student9s
cost of attendance, and packaging Title IV aid.
Throughout this volume of the Handbook, the words ""we,"" ""our,"" and ""us"" refer to the United States Department of

Changes for 2025-2026
There are no major changes in Volume 3 for 2025-2026. However, we have made minor additions and clarifications to
existing guidance in a few areas, as noted below.
Chapter 1
In Appendix B, we have added guidance on determining enrollment intensity for Pell Grant recipients who are enrolled in
subscription-based programs.
Chapter 2
We have revised the discussion of <Allowable Costs= to clarify that for Pell Grant recipients with an enrollment

The number of weeks of instructional time is based on the period that generally begins on the first day of classes in the
academic year and ends on the last day of classes or the last day of examinations, whichever is later.
Schools that provide 2- or 4-year associate or baccalaureate degree programs may apply to the Department if they want
to request approval to establish a full academic year of less than 30 weeks of instructional time. The Department is

number of weeks of instructional time.
For a program offered in credit hours, the academic year must include at least 30 weeks of instructional time.
For a program offered in clock hours, the academic year must include at least 26 weeks of instructional time.
Note: See Volume 2, Chapter 2 for information about academic year requirements for direct assessment programs, which
do not measure academic progress using credit or clock hours.

permitted to grant a reduction for good cause to no less than 26 weeks of instructional time. These requests are handled
on a case-by-case basis. To request approval, contact the School Participation Division that oversees your school. A listing
of contact information for the regional School Participation Divisions can be found in the Knowledge Center.
For all Title IV programs, a week of instructional time is any period of seven consecutive days in which 3

Education (the Department). The word ""you"" refers to the primary audience of the Handbook, school financial aid
administrators. In other volumes of the Handbook we use ""institution,"" ""school,"" and ""college"" interchangeably, unless a
more specific meaning is provided. In this volume we consistently use the term ""school."" <HEA= refers to the Higher
Education Act of 1965, as amended. Title IV refers to the student financial aid programs authorized under Title IV of the
HEA.","Different types of educational institutions, such as community colleges and vocational schools, often offer multiple versions of the same academic program—for example, a day version and a night version, or a credit-hour version and a clock-hour version. To manage these variations effectively, each version of the program must have its own defined academic year that reflects its specific instructional weeks and credit or clock hours. Importantly, the academic year for a program does not need to align with the institution’s overall academic calendar but must meet the regulatory requirements for Title IV purposes.

When students enroll in programs where multiple versions exist, institutions must be able to clearly identify which specific version each student is enrolled in. This determination generally requires that the student take the majority of their coursework within that particular program version. This distinction is critical because the academic year definition is foundational in calculating Title IV financial aid disbursements.

The effects on Title IV financial aid disbursements are significant because the timing and amount of aid awarded depend on the academic year structure. Since the academic year defines the minimum weeks of instructional time and credit or clock hours required for Title IV eligibility, having separate academic years for different program versions allows schools to tailor financial aid disbursements appropriately. For example, a clock-hour program might have a different pace and calendar than a credit-hour program, affecting the length of the academic year and, consequently, when and how much aid is disbursed.

If a school allows students to take courses from multiple versions of the same program, it must ensure that the student’s enrollment status in a particular version is clear. Failure to accurately define and track enrollment in the correct program version can lead to incorrect calculation of payment periods and disbursement amounts, potentially resulting in noncompliance with Title IV regulations.

In summary, managing multiple versions of the same academic program involves:

- Defining separate academic years tailored to each program version based on instructional weeks and credit/clock hours.
- Demonstrating that individual students are enrolled primarily in one specific program version.
- Using these defined academic years to determine Title IV payment periods and financial aid disbursements accurately.

This approach ensures compliance with Title IV requirements and proper administration of federal financial aid funds."
